﻿{"cameraMode":{"drawMode":0,"name":"Shaded","section":"Shading Mode"},"sceneLighting":true,"audioPlay":false,"sceneViewState":{"showFog":true,"showMaterialUpdate":false,"showSkybox":true,"showFlares":true,"showImageEffects":true,"showParticleSystems":true},"in2DMode":false,"pivot":{"x":3.340062379837036,"y":-3.261828899383545,"z":-9.040264129638672},"rotation":{"x":0.02132667787373066,"y":0.9733209609985352,"z":-0.20471996068954469,"w":0.10139640420675278},"size":30.802125930786134,"orthographic":false}