﻿{"cameraMode":{"drawMode":0,"name":"Shaded","section":"Shading Mode"},"sceneLighting":true,"audioPlay":false,"sceneViewState":{"showFog":true,"showMaterialUpdate":false,"showSkybox":true,"showFlares":true,"showImageEffects":true,"showParticleSystems":true},"in2DMode":false,"pivot":{"x":0.7757101058959961,"y":-0.05823040008544922,"z":-0.925570011138916},"rotation":{"x":-0.11858134716749191,"y":0.8713691234588623,"z":-0.2584247887134552,"w":-0.3998386859893799},"size":17.817941665649415,"orthographic":false}