﻿{"cameraMode":{"drawMode":0,"name":"Shaded","section":"Shading Mode"},"sceneLighting":true,"audioPlay":false,"sceneViewState":{"showFog":true,"showMaterialUpdate":false,"showSkybox":true,"showFlares":true,"showImageEffects":true,"showParticleSystems":true},"in2DMode":false,"pivot":{"x":308.96142578125,"y":95.59915161132813,"z":1784.834228515625},"rotation":{"x":-0.06027328222990036,"y":0.00209249509498477,"z":-0.00012660457286983728,"w":-0.9981797337532044},"size":2665.551025390625,"orthographic":false}