﻿{"cameraMode":{"drawMode":0,"name":"Shaded","section":"Shading Mode"},"sceneLighting":true,"audioPlay":false,"sceneViewState":{"showFog":true,"showMaterialUpdate":false,"showSkybox":true,"showFlares":true,"showImageEffects":true,"showParticleSystems":true},"in2DMode":false,"pivot":{"x":1.3206872940063477,"y":1.6533393859863282,"z":-3.265939712524414},"rotation":{"x":-0.11858134716749191,"y":0.8713691234588623,"z":-0.2584247887134552,"w":-0.3998386859893799},"size":21.14267349243164,"orthographic":false}